filename	source_condition	source_file
ieeg/sub-01_task-seizure_run-01_desc-csd_ieeg.vhdr	seizure	CSD2160.csv
ieeg/sub-01_task-seizure_run-02_desc-csd_ieeg.vhdr	seizure	CSD2661.csv
ieeg/sub-01_task-seizure_run-03_desc-csd_ieeg.vhdr	seizure	CSD3056.csv
ieeg/sub-01_task-seizure_run-04_desc-csd_ieeg.vhdr	seizure	CSD3147.csv
ieeg/sub-01_task-seizure_run-05_desc-csd_ieeg.vhdr	seizure	CSD3220.csv
ieeg/sub-01_task-seizure_run-06_desc-csd_ieeg.vhdr	seizure	CSD3334.csv
ieeg/sub-01_task-seizure_run-07_desc-csd_ieeg.vhdr	seizure	CSD3413.csv
ieeg/sub-01_task-seizure_run-08_desc-csd_ieeg.vhdr	seizure	CSD3471.csv
ieeg/sub-01_task-seizure_run-09_desc-csd_ieeg.vhdr	seizure	CSD3541.csv
ieeg/sub-01_task-seizure_run-10_desc-csd_ieeg.vhdr	seizure	CSD3616.csv
ieeg/sub-01_task-seizure_run-11_desc-csd_ieeg.vhdr	seizure	CSD3681.csv
ieeg/sub-01_task-seizure_run-12_desc-csd_ieeg.vhdr	seizure	CSD3741.csv
ieeg/sub-01_task-seizure_run-13_desc-csd_ieeg.vhdr	seizure	CSD3805.csv
ieeg/sub-01_task-seizure_run-14_desc-csd_ieeg.vhdr	seizure	CSD3863.csv
ieeg/sub-01_task-seizure_run-15_desc-csd_ieeg.vhdr	seizure	CSD3922.csv
ieeg/sub-01_task-seizure_run-16_desc-csd_ieeg.vhdr	seizure	CSD3972.csv
ieeg/sub-01_task-seizure_run-17_desc-csd_ieeg.vhdr	seizure	CSD4021.csv
ieeg/sub-01_task-seizure_run-18_desc-csd_ieeg.vhdr	seizure	CSD4023.csv
ieeg/sub-01_task-interictal_run-01_desc-csd_ieeg.vhdr	control	CSD0.csv
ieeg/sub-01_task-interictal_run-02_desc-csd_ieeg.vhdr	control	CSD10.csv
ieeg/sub-01_task-interictal_run-03_desc-csd_ieeg.vhdr	control	CSD20.csv
ieeg/sub-01_task-interictal_run-04_desc-csd_ieeg.vhdr	control	CSD30.csv
ieeg/sub-01_task-interictal_run-05_desc-csd_ieeg.vhdr	control	CSD50.csv
ieeg/sub-01_task-interictal_run-06_desc-csd_ieeg.vhdr	control	CSD60.csv
ieeg/sub-01_task-interictal_run-07_desc-csd_ieeg.vhdr	control	CSD100.csv
ieeg/sub-01_task-interictal_run-08_desc-csd_ieeg.vhdr	control	CSD110.csv
ieeg/sub-01_task-interictal_run-09_desc-csd_ieeg.vhdr	control	CSD120.csv
ieeg/sub-01_task-interictal_run-10_desc-csd_ieeg.vhdr	control	CSD130.csv
ieeg/sub-01_task-interictal_run-11_desc-csd_ieeg.vhdr	control	CSD140.csv
ieeg/sub-01_task-interictal_run-12_desc-csd_ieeg.vhdr	control	CSD150.csv
ieeg/sub-01_task-interictal_run-13_desc-csd_ieeg.vhdr	control	CSD160.csv
ieeg/sub-01_task-interictal_run-14_desc-csd_ieeg.vhdr	control	CSD170.csv
ieeg/sub-01_task-interictal_run-15_desc-csd_ieeg.vhdr	control	CSD180.csv
ieeg/sub-01_task-interictal_run-16_desc-csd_ieeg.vhdr	control	CSD190.csv
